{
    "model": "DecisionTree",
    "train_percentage": 40,
    "test_percentage": 60,
    "accuracy": 0.9984727060673239,
    "precision": 0.9957229975050819,
    "recall": 0.995231850300456,
    "f1": 0.9954773633223954,
    "roc_auc": 0.9974827194893578,
    "train_samples": 1008319,
    "test_samples": 1512479,
    "model_path": "C:\\Users\\Manoj\\Downloads\\BE Project\\ML_NIDS\\detection-engine\\..\\models\\phase1\\decision_tree_train40.pkl"
}