{
    "model": "DecisionTree",
    "train_percentage": 50,
    "test_percentage": 50,
    "accuracy": 0.9984679454680621,
    "precision": 0.9958067533835081,
    "recall": 0.9951190867665711,
    "f1": 0.9954628013148713,
    "roc_auc": 0.9975280225758152,
    "train_samples": 1260399,
    "test_samples": 1260399,
    "model_path": "C:\\Users\\Manoj\\Downloads\\BE Project\\ML_NIDS\\detection-engine\\..\\models\\phase1\\decision_tree_train50.pkl"
}