{
    "model": "GradientBoosting",
    "train_percentage": 40,
    "test_percentage": 60,
    "accuracy": 0.9965738367276504,
    "precision": 0.9952819546640174,
    "recall": 0.9843801992601147,
    "f1": 0.9898010596506145,
    "roc_auc": 0.9991043453265749,
    "train_samples": 1008319,
    "test_samples": 1512479,
    "model_path": "C:\\Users\\Manoj\\Downloads\\BE Project\\ML_NIDS\\detection-engine\\..\\models\\phase1\\gbm_train40.pkl"
}