{
    "model": "GradientBoosting",
    "train_percentage": 70,
    "test_percentage": 30,
    "accuracy": 0.9965262350576537,
    "precision": 0.9952962789924218,
    "recall": 0.9840826169336527,
    "f1": 0.9896576839038601,
    "roc_auc": 0.9991406015136729,
    "train_samples": 1764558,
    "test_samples": 756240,
    "model_path": "C:\\Users\\Manoj\\Downloads\\BE Project\\ML_NIDS\\detection-engine\\..\\models\\phase1\\gbm_train70.pkl"
}