{
    "model": "KNN",
    "k": 3,
    "train_percentage": 70,
    "test_percentage": 30,
    "accuracy": 0.9891833333333333,
    "precision": 0.9677451173801539,
    "recall": 0.9682226389025955,
    "f1": 0.9679838192491736,
    "roc_auc": 0.9933277675035214,
    "train_samples": 140000,
    "test_samples": 60000,
    "subset_size": 200000,
    "model_path": "C:\\Users\\Manoj\\Downloads\\BE Project\\ML_NIDS\\detection-engine\\..\\models\\phase1\\knn_k3_train70.pkl"
}