{
    "model": "KNN",
    "k": 5,
    "train_percentage": 40,
    "test_percentage": 60,
    "accuracy": 0.9871583333333334,
    "precision": 0.9641122236542083,
    "recall": 0.9596881630236345,
    "f1": 0.9618951064513737,
    "roc_auc": 0.9943274375216158,
    "train_samples": 80000,
    "test_samples": 120000,
    "subset_size": 200000,
    "model_path": "C:\\Users\\Manoj\\Downloads\\BE Project\\ML_NIDS\\detection-engine\\..\\models\\phase1\\knn_k5_train40.pkl"
}