{
    "model": "KNN",
    "k": 8,
    "train_percentage": 40,
    "test_percentage": 60,
    "accuracy": 0.9865083333333333,
    "precision": 0.9714805825242718,
    "recall": 0.9479449351161987,
    "f1": 0.9595684639013061,
    "roc_auc": 0.9958262662062629,
    "train_samples": 80000,
    "test_samples": 120000,
    "subset_size": 200000,
    "model_path": "C:\\Users\\Manoj\\Downloads\\BE Project\\ML_NIDS\\detection-engine\\..\\models\\phase1\\knn_k8_train40.pkl"
}