{
    "model": "KNN",
    "k": 1,
    "train_percentage": 60,
    "test_percentage": 40,
    "accuracy": 0.9893875,
    "precision": 0.9675084920986561,
    "recall": 0.9697283694767227,
    "f1": 0.9686171589102872,
    "roc_auc": 0.9815553667383915,
    "train_samples": 120000,
    "test_samples": 80000,
    "subset_size": 200000,
    "model_path": "C:\\Users\\Manoj\\Downloads\\BE Project\\ML_NIDS\\detection-engine\\..\\models\\phase1\\knn_k1_train60.pkl"
}