{
    "model": "KNN",
    "k": 4,
    "train_percentage": 60,
    "test_percentage": 40,
    "accuracy": 0.9881375,
    "precision": 0.9751853533060978,
    "recall": 0.9540374509658797,
    "f1": 0.9644954917879457,
    "roc_auc": 0.9945954744466166,
    "train_samples": 120000,
    "test_samples": 80000,
    "subset_size": 200000,
    "model_path": "C:\\Users\\Manoj\\Downloads\\BE Project\\ML_NIDS\\detection-engine\\..\\models\\phase1\\knn_k4_train60.pkl"
}