{
    "model": "KNN",
    "k": 10,
    "train_percentage": 40,
    "test_percentage": 60,
    "accuracy": 0.9861583333333334,
    "precision": 0.9692796610169492,
    "recall": 0.9480929589973849,
    "f1": 0.9585692549450001,
    "roc_auc": 0.9966189970968478,
    "train_samples": 80000,
    "test_samples": 120000,
    "subset_size": 200000,
    "model_path": "C:\\Users\\Manoj\\Downloads\\BE Project\\ML_NIDS\\detection-engine\\..\\models\\phase1\\knn_k10_train40.pkl"
}