{
    "model": "KNN",
    "k": 9,
    "train_percentage": 70,
    "test_percentage": 30,
    "accuracy": 0.9880333333333333,
    "precision": 0.9670602242285941,
    "recall": 0.9619066416658443,
    "f1": 0.964476548584999,
    "roc_auc": 0.9973484239615915,
    "train_samples": 140000,
    "test_samples": 60000,
    "subset_size": 200000,
    "model_path": "C:\\Users\\Manoj\\Downloads\\BE Project\\ML_NIDS\\detection-engine\\..\\models\\phase1\\knn_k9_train70.pkl"
}