{
    "model": "KNN",
    "k": 7,
    "train_percentage": 50,
    "test_percentage": 50,
    "accuracy": 0.98736,
    "precision": 0.9638425458647509,
    "recall": 0.9612173604121026,
    "f1": 0.9625281631685046,
    "roc_auc": 0.9963634506260535,
    "train_samples": 100000,
    "test_samples": 100000,
    "subset_size": 200000,
    "model_path": "C:\\Users\\Manoj\\Downloads\\BE Project\\ML_NIDS\\detection-engine\\..\\models\\phase1\\knn_k7_train50.pkl"
}