{
    "model": "KNN",
    "k": 2,
    "train_percentage": 40,
    "test_percentage": 60,
    "accuracy": 0.98735,
    "precision": 0.9803248450069171,
    "recall": 0.9440469729116298,
    "f1": 0.9618439573697969,
    "roc_auc": 0.9877852110558786,
    "train_samples": 80000,
    "test_samples": 120000,
    "subset_size": 200000,
    "model_path": "C:\\Users\\Manoj\\Downloads\\BE Project\\ML_NIDS\\detection-engine\\..\\models\\phase1\\knn_k2_train40.pkl"
}