{
    "model": "KNN",
    "k": 7,
    "train_percentage": 70,
    "test_percentage": 30,
    "accuracy": 0.9882166666666666,
    "precision": 0.9659877397666601,
    "recall": 0.9641764531728018,
    "f1": 0.9650812466044352,
    "roc_auc": 0.9967102703395314,
    "train_samples": 140000,
    "test_samples": 60000,
    "subset_size": 200000,
    "model_path": "C:\\Users\\Manoj\\Downloads\\BE Project\\ML_NIDS\\detection-engine\\..\\models\\phase1\\knn_k7_train70.pkl"
}