{
    "model": "KNN",
    "k": 9,
    "train_percentage": 40,
    "test_percentage": 60,
    "accuracy": 0.9863333333333333,
    "precision": 0.9633812627493905,
    "recall": 0.9553954704692357,
    "f1": 0.9593717485012139,
    "roc_auc": 0.9961345019850557,
    "train_samples": 80000,
    "test_samples": 120000,
    "subset_size": 200000,
    "model_path": "C:\\Users\\Manoj\\Downloads\\BE Project\\ML_NIDS\\detection-engine\\..\\models\\phase1\\knn_k9_train40.pkl"
}