{
    "model": "KNN",
    "k": 4,
    "train_percentage": 70,
    "test_percentage": 30,
    "accuracy": 0.9887166666666667,
    "precision": 0.9764207980652962,
    "recall": 0.9562814566268627,
    "f1": 0.966246198334746,
    "roc_auc": 0.9952754738143281,
    "train_samples": 140000,
    "test_samples": 60000,
    "subset_size": 200000,
    "model_path": "C:\\Users\\Manoj\\Downloads\\BE Project\\ML_NIDS\\detection-engine\\..\\models\\phase1\\knn_k4_train70.pkl"
}