{
    "model": "KNN",
    "k": 5,
    "train_percentage": 70,
    "test_percentage": 30,
    "accuracy": 0.9885333333333334,
    "precision": 0.965316779978323,
    "recall": 0.9668410145070562,
    "f1": 0.9660782960260329,
    "roc_auc": 0.9960089604656489,
    "train_samples": 140000,
    "test_samples": 60000,
    "subset_size": 200000,
    "model_path": "C:\\Users\\Manoj\\Downloads\\BE Project\\ML_NIDS\\detection-engine\\..\\models\\phase1\\knn_k5_train70.pkl"
}