{
    "model": "KNN",
    "k": 2,
    "train_percentage": 70,
    "test_percentage": 30,
    "accuracy": 0.9886833333333334,
    "precision": 0.9828396322778346,
    "recall": 0.9495707095628145,
    "f1": 0.9659187873312253,
    "roc_auc": 0.9899443691639873,
    "train_samples": 140000,
    "test_samples": 60000,
    "subset_size": 200000,
    "model_path": "C:\\Users\\Manoj\\Downloads\\BE Project\\ML_NIDS\\detection-engine\\..\\models\\phase1\\knn_k2_train70.pkl"
}