{
    "model": "KNN",
    "k": 5,
    "train_percentage": 60,
    "test_percentage": 40,
    "accuracy": 0.9881625,
    "precision": 0.9650577435593722,
    "recall": 0.9648434608837244,
    "f1": 0.9649505903253266,
    "roc_auc": 0.9953132122864223,
    "train_samples": 120000,
    "test_samples": 80000,
    "subset_size": 200000,
    "model_path": "C:\\Users\\Manoj\\Downloads\\BE Project\\ML_NIDS\\detection-engine\\..\\models\\phase1\\knn_k5_train60.pkl"
}