{
    "model": "KNN",
    "k": 2,
    "train_percentage": 60,
    "test_percentage": 40,
    "accuracy": 0.9882875,
    "precision": 0.9816886300950046,
    "recall": 0.9483383909407149,
    "f1": 0.9647253698753906,
    "roc_auc": 0.9895200256830408,
    "train_samples": 120000,
    "test_samples": 80000,
    "subset_size": 200000,
    "model_path": "C:\\Users\\Manoj\\Downloads\\BE Project\\ML_NIDS\\detection-engine\\..\\models\\phase1\\knn_k2_train60.pkl"
}