{
    "model": "KNN",
    "k": 7,
    "train_percentage": 40,
    "test_percentage": 60,
    "accuracy": 0.9867833333333333,
    "precision": 0.9646321444560514,
    "recall": 0.9568263679873686,
    "f1": 0.9607134010403765,
    "roc_auc": 0.9954298775084782,
    "train_samples": 80000,
    "test_samples": 120000,
    "subset_size": 200000,
    "model_path": "C:\\Users\\Manoj\\Downloads\\BE Project\\ML_NIDS\\detection-engine\\..\\models\\phase1\\knn_k7_train40.pkl"
}