{
    "model": "LogisticRegression",
    "train_percentage": 40,
    "test_percentage": 60,
    "accuracy": 0.9567841933673129,
    "precision": 0.8808281643185716,
    "recall": 0.8605492376049639,
    "f1": 0.8705706234938387,
    "roc_auc": 0.9876613684457499,
    "train_samples": 1008319,
    "test_samples": 1512479,
    "model_path": "C:\\Users\\Manoj\\Downloads\\BE Project\\ML_NIDS\\detection-engine\\..\\models\\phase1\\logreg_train40.pkl"
}