{
    "model": "MultiLayerPerceptron",
    "train_percentage": 50,
    "test_percentage": 50,
    "accuracy": 0.9966367793056008,
    "precision": 0.9933924559536479,
    "recall": 0.9866491285761263,
    "f1": 0.9900093095605652,
    "roc_auc": 0.9997683727993275,
    "train_samples": 1260399,
    "test_samples": 1260399,
    "training_time_seconds": 129.05,
    "model_path": "C:\\Users\\Manoj\\Downloads\\BE Project\\ML_NIDS\\detection-engine\\..\\models\\phase1\\mlp_train50.pkl"
}