{
    "model": "NaiveBayes",
    "train_percentage": 60,
    "test_percentage": 40,
    "accuracy": 0.38890530783878136,
    "precision": 0.21565098719453088,
    "recall": 0.9928477894501958,
    "f1": 0.35433814260580904,
    "roc_auc": 0.67040301382279,
    "train_samples": 1512478,
    "test_samples": 1008320,
    "model_path": "C:\\Users\\Manoj\\Downloads\\BE Project\\ML_NIDS\\detection-engine\\..\\models\\phase1\\naive_bayes_train60.pkl"
}