{
    "model": "NaiveBayes",
    "train_percentage": 40,
    "test_percentage": 60,
    "accuracy": 0.3933370314563045,
    "precision": 0.21687721710812133,
    "recall": 0.9927694807101333,
    "f1": 0.3559867233872909,
    "roc_auc": 0.6767203949262591,
    "train_samples": 1008319,
    "test_samples": 1512479,
    "model_path": "C:\\Users\\Manoj\\Downloads\\BE Project\\ML_NIDS\\detection-engine\\..\\models\\phase1\\naive_bayes_train40.pkl"
}