{
    "model": "RandomForest",
    "training_split": "70/30",
    "subset_used": false,
    "accuracy": 0.9963675552734582,
    "precision": 0.9903172398640961,
    "recall": 0.9881539593805296,
    "f1": 0.9892344169458978,
    "roc_auc": 0.9979678726253162,
    "train_samples": 1764558,
    "test_samples": 756240,
    "training_time_sec": 121.59
}