{
    "model": "RandomForest",
    "train_percentage": 40,
    "test_percentage": 60,
    "accuracy": 0.9985348556905583,
    "precision": 0.9965527654351006,
    "recall": 0.9947659965941787,
    "f1": 0.9956585793994107,
    "roc_auc": 0.9997827454894254,
    "train_samples": 1008319,
    "test_samples": 1512479,
    "model_path": "C:\\Users\\Manoj\\Downloads\\BE Project\\ML_NIDS\\detection-engine\\..\\models\\phase1\\random_forest_train40.pkl"
}