{
    "model": "SupportVectorMachine",
    "kernel": "rbf",
    "subset_size": 150000,
    "train_percentage": 60,
    "test_percentage": 40,
    "accuracy": 0.9501333333333334,
    "precision": 0.7795959912308175,
    "recall": 0.9825340438129071,
    "f1": 0.8693792019558194,
    "roc_auc": 0.9936169926126313,
    "train_samples": 90000,
    "test_samples": 60000,
    "training_time_seconds": 1143.31,
    "model_path": "C:\\Users\\Manoj\\Downloads\\BE Project\\ML_NIDS\\detection-engine\\..\\models\\phase1\\svm_train60.pkl"
}