{
    "model": "SupportVectorMachine",
    "kernel": "rbf",
    "subset_size": 150000,
    "train_percentage": 40,
    "test_percentage": 60,
    "accuracy": 0.9484333333333334,
    "precision": 0.7756487234375816,
    "recall": 0.9773684210526316,
    "f1": 0.8649026285913894,
    "roc_auc": 0.9927854484766394,
    "train_samples": 60000,
    "test_samples": 90000,
    "training_time_seconds": 544.35,
    "model_path": "C:\\Users\\Manoj\\Downloads\\BE Project\\ML_NIDS\\detection-engine\\..\\models\\phase1\\svm_train40.pkl"
}