{
    "model": "SupportVectorMachine",
    "kernel": "rbf",
    "subset_size": 150000,
    "train_percentage": 70,
    "test_percentage": 30,
    "accuracy": 0.9507333333333333,
    "precision": 0.782216629967495,
    "recall": 0.9815789473684211,
    "f1": 0.8706307988562759,
    "roc_auc": 0.9941880980861244,
    "train_samples": 105000,
    "test_samples": 45000,
    "training_time_seconds": 1478.64,
    "model_path": "C:\\Users\\Manoj\\Downloads\\BE Project\\ML_NIDS\\detection-engine\\..\\models\\phase1\\svm_train70.pkl"
}