{
    "model": "XGBoost",
    "train_percentage": 60,
    "test_percentage": 40,
    "accuracy": 0.9991927165979054,
    "precision": 0.9965778108537308,
    "recall": 0.9986494183690846,
    "f1": 0.997612539155531,
    "roc_auc": 0.999975086306698,
    "train_samples": 1512478,
    "test_samples": 1008320,
    "training_time_seconds": 24.54,
    "model_path": "C:\\Users\\Manoj\\Downloads\\BE Project\\ML_NIDS\\detection-engine\\..\\models\\phase1\\xgboost_train60.pkl"
}