{
  "XGBoost": {
    "best_params": {
      "subsample": 0.8,
      "n_estimators": 100,
      "max_depth": 9,
      "learning_rate": 0.1,
      "colsample_bytree": 1.0
    },
    "accuracy": 0.9961769509828536,
    "precision": 0.9909736286013022,
    "recall": 0.9895887610525832,
    "f1": 0.9902807106568562,
    "roc_auc": 0.9998062952697752,
    "confusion_matrix": [
      [
        2039673,
        4515
      ],
      [
        5215,
        495686
      ]
    ],
    "report": {
      "0": {
        "precision": 0.9974497380785647,
        "recall": 0.9977912990390316,
        "f1-score": 0.9976204893232603,
        "support": 2044188.0
      },
      "1": {
        "precision": 0.9909736286013022,
        "recall": 0.9895887610525832,
        "f1-score": 0.9902807106568562,
        "support": 500901.0
      },
      "accuracy": 0.9961769509828536,
      "macro avg": {
        "precision": 0.9942116833399335,
        "recall": 0.9936900300458074,
        "f1-score": 0.9939505999900582,
        "support": 2545089.0
      },
      "weighted avg": {
        "precision": 0.9961751697969565,
        "recall": 0.9961769509828536,
        "f1-score": 0.9961759416183351,
        "support": 2545089.0
      }
    },
    "train_time_seconds": 411.819540977478,
    "inference_time_seconds": 1.3853392601013184,
    "model_path": "C:\\Users\\Manoj\\Downloads\\BE Project\\ML_NIDS\\detection-engine\\models\\xgboost_advanced.pkl"
  },
  "LightGBM": {
    "best_params": {
      "subsample": 1.0,
      "num_leaves": 127,
      "n_estimators": 100,
      "learning_rate": 0.1,
      "colsample_bytree": 0.8
    },
    "accuracy": 0.9965529692674795,
    "precision": 0.9928258413914103,
    "recall": 0.9896366747121687,
    "f1": 0.9912286928622775,
    "roc_auc": 0.9997849326758371,
    "confusion_matrix": [
      [
        2040606,
        3582
      ],
      [
        5191,
        495710
      ]
    ],
    "report": {
      "0": {
        "precision": 0.99746260259449,
        "recall": 0.9982477149851188,
        "f1-score": 0.9978550043582067,
        "support": 2044188.0
      },
      "1": {
        "precision": 0.9928258413914103,
        "recall": 0.9896366747121687,
        "f1-score": 0.9912286928622775,
        "support": 500901.0
      },
      "accuracy": 0.9965529692674795,
      "macro avg": {
        "precision": 0.9951442219929502,
        "recall": 0.9939421948486438,
        "f1-score": 0.9945418486102422,
        "support": 2545089.0
      },
      "weighted avg": {
        "precision": 0.9965500379166403,
        "recall": 0.9965529692674795,
        "f1-score": 0.9965508746972706,
        "support": 2545089.0
      }
    },
    "train_time_seconds": 270.9144961833954,
    "inference_time_seconds": 2.01772141456604,
    "model_path": "C:\\Users\\Manoj\\Downloads\\BE Project\\ML_NIDS\\detection-engine\\models\\lightgbm_advanced.pkl"
  }
}