{
  "LogisticRegression": {
    "accuracy": 0.8813672134844793,
    "precision": 0.890437355771495,
    "recall": 0.4529577700982829,
    "f1": 0.6004644669546979,
    "roc_auc": 0.9417964513856524,
    "confusion_matrix": [
      [
        2016271,
        27917
      ],
      [
        274014,
        226887
      ]
    ],
    "report": {
      "0": {
        "precision": 0.8803581213691746,
        "recall": 0.9863432326185263,
        "f1-score": 0.9303419354555905,
        "support": 2044188.0
      },
      "1": {
        "precision": 0.890437355771495,
        "recall": 0.4529577700982829,
        "f1-score": 0.6004644669546979,
        "support": 500901.0
      },
      "accuracy": 0.8813672134844793,
      "macro avg": {
        "precision": 0.8853977385703348,
        "recall": 0.7196505013584046,
        "f1-score": 0.7654032012051442,
        "support": 2545089.0
      },
      "weighted avg": {
        "precision": 0.8823418235467237,
        "recall": 0.8813672134844793,
        "f1-score": 0.8654184872580754,
        "support": 2545089.0
      }
    }
  },
  "DecisionTree": {
    "accuracy": 0.998075509343681,
    "precision": 0.9943449669807466,
    "recall": 0.9958854144831014,
    "f1": 0.9951145945751851,
    "roc_auc": 0.9995545899810937,
    "confusion_matrix": [
      [
        2041351,
        2837
      ],
      [
        2061,
        498840
      ]
    ],
    "report": {
      "0": {
        "precision": 0.9989913928272909,
        "recall": 0.9986121628734734,
        "f1-score": 0.9988017418534103,
        "support": 2044188.0
      },
      "1": {
        "precision": 0.9943449669807466,
        "recall": 0.9958854144831014,
        "f1-score": 0.9951145945751851,
        "support": 500901.0
      },
      "accuracy": 0.998075509343681,
      "macro avg": {
        "precision": 0.9966681799040187,
        "recall": 0.9972487886782875,
        "f1-score": 0.9969581682142977,
        "support": 2545089.0
      },
      "weighted avg": {
        "precision": 0.9980769260432374,
        "recall": 0.998075509343681,
        "f1-score": 0.998076071450996,
        "support": 2545089.0
      }
    }
  }
}