{
  "RandomForest": {
    "accuracy": 0.998096726676356,
    "precision": 0.9940974096732359,
    "recall": 0.9962447669299922,
    "f1": 0.9951699299221046,
    "roc_auc": 0.9997794613905018,
    "confusion_matrix": [
      [
        2041225,
        2963
      ],
      [
        1881,
        499020
      ]
    ],
    "report": {
      "0": {
        "precision": 0.9990793429220021,
        "recall": 0.9985505247071209,
        "f1-score": 0.9988148638194365,
        "support": 2044188.0
      },
      "1": {
        "precision": 0.9940974096732359,
        "recall": 0.9962447669299922,
        "f1-score": 0.9951699299221046,
        "support": 500901.0
      },
      "accuracy": 0.998096726676356,
      "macro avg": {
        "precision": 0.996588376297619,
        "recall": 0.9973976458185565,
        "f1-score": 0.9969923968707706,
        "support": 2545089.0
      },
      "weighted avg": {
        "precision": 0.9980988446579963,
        "recall": 0.998096726676356,
        "f1-score": 0.9980975014662506,
        "support": 2545089.0
      }
    },
    "train_time_seconds": 490.6527132987976,
    "inference_time_seconds": 7.7072484493255615
  },
  "GBM": {
    "accuracy": 0.9929747054032295,
    "precision": 0.985939552955048,
    "recall": 0.978255184158147,
    "f1": 0.9820823370725265,
    "roc_auc": 0.9993104562407443,
    "confusion_matrix": [
      [
        2037200,
        6988
      ],
      [
        10892,
        490009
      ]
    ],
    "report": {
      "0": {
        "precision": 0.9946818795249432,
        "recall": 0.9965815277264126,
        "f1-score": 0.9956307975016372,
        "support": 2044188.0
      },
      "1": {
        "precision": 0.985939552955048,
        "recall": 0.978255184158147,
        "f1-score": 0.9820823370725265,
        "support": 500901.0
      },
      "accuracy": 0.9929747054032295,
      "macro avg": {
        "precision": 0.9903107162399956,
        "recall": 0.9874183559422798,
        "f1-score": 0.9888565672870818,
        "support": 2545089.0
      },
      "weighted avg": {
        "precision": 0.9929612952462846,
        "recall": 0.9929747054032295,
        "f1-score": 0.9929643141773203,
        "support": 2545089.0
      }
    },
    "train_time_seconds": 2018.2178885936737,
    "inference_time_seconds": 7.446376800537109
  }
}