{
  "accuracy": 0.35831438507651403,
  "precision": 0.23011200302056328,
  "recall": 0.9636395215821091,
  "f1": 0.3715095075163853,
  "roc_auc": 0.8212263262920604,
  "confusion_matrix": [
    [
      429254,
      1614934
    ],
    [
      18213,
      482688
    ]
  ],
  "report": {
    "0": {
      "precision": 0.9592975571382918,
      "recall": 0.20998753539302648,
      "f1-score": 0.3445533189787511,
      "support": 2044188.0
    },
    "1": {
      "precision": 0.23011200302056328,
      "recall": 0.9636395215821091,
      "f1-score": 0.3715095075163853,
      "support": 500901.0
    },
    "accuracy": 0.35831438507651403,
    "macro avg": {
      "precision": 0.5947047800794275,
      "recall": 0.5868135284875677,
      "f1-score": 0.35803141324756815,
      "support": 2545089.0
    },
    "weighted avg": {
      "precision": 0.8157859655031371,
      "recall": 0.35831438507651403,
      "f1-score": 0.34985858798690345,
      "support": 2545089.0
    }
  },
  "train_time_seconds": 1.3195455074310303,
  "n_train_samples": 5938539,
  "n_test_samples": 2545089
}