{
  "accuracy": 0.9927071312633861,
  "precision": 0.9802327387423984,
  "recall": 0.9827630609641426,
  "f1-score": 0.9814962690472986,
  "confusion_matrix": [
    [
      678087,
      3309
    ],
    [
      2878,
      164089
    ]
  ]
}