{
  "accuracy": 0.9979494621876396,
  "precision": 0.9945761234488671,
  "recall": 0.9950073906908439,
  "f1": 0.994791710328557,
  "roc_auc": 0.9999573641442339,
  "confusion_matrix": [
    [
      1701225,
      2265
    ],
    [
      2084,
      415333
    ]
  ],
  "report": {
    "0": {
      "precision": 0.9987764991554674,
      "recall": 0.9986703766972509,
      "f1-score": 0.9987234351072664,
      "support": 1703490.0
    },
    "1": {
      "precision": 0.9945761234488671,
      "recall": 0.9950073906908439,
      "f1-score": 0.994791710328557,
      "support": 417417.0
    },
    "accuracy": 0.9979494621876396,
    "macro avg": {
      "precision": 0.9966763113021673,
      "recall": 0.9968388836940474,
      "f1-score": 0.9967575727179117,
      "support": 2120907.0
    },
    "weighted avg": {
      "precision": 0.9979498206512604,
      "recall": 0.9979494621876396,
      "f1-score": 0.9979496299560012,
      "support": 2120907.0
    }
  },
  "train_time_seconds": 5582.705832719803,
  "inference_time_seconds": 15.7416410446167,
  "sample_size_used": 8483628,
  "base_estimators": [
    "rf",
    "xgb",
    "lgb"
  ]
}